{"cameraMode":{"drawMode":0,"name":"Shaded","section":"Shading Mode"},"sceneLighting":false,"audioPlay":false,"sceneViewState":{"showFog":true,"showMaterialUpdate":false,"showSkybox":false,"showFlares":true,"showImageEffects":false,"showParticleSystems":true},"in2DMode":false,"pivot":{"x":8.940696716308594e-8,"y":0.41214001178741457,"z":0.1157286986708641},"rotation":{"x":-0.0687478706240654,"y":0.7170037031173706,"z":-0.07144114375114441,"w":-0.6899880766868591},"size":0.545539379119873,"orthographic":false}