{"cameraMode":{"drawMode":0,"name":"Shaded","section":"Shading Mode"},"sceneLighting":false,"audioPlay":false,"sceneViewState":{"showFog":true,"showMaterialUpdate":false,"showSkybox":false,"showFlares":true,"showImageEffects":false,"showParticleSystems":true},"in2DMode":false,"pivot":{"x":0.044581979513168338,"y":0.6826138496398926,"z":0.34515416622161868},"rotation":{"x":-0.0687478706240654,"y":0.7170037031173706,"z":-0.07144114375114441,"w":-0.6899880766868591},"size":1.2255715131759644,"orthographic":false}