{"cameraMode":{"drawMode":0,"name":"Shaded","section":"Shading Mode"},"sceneLighting":false,"audioPlay":false,"sceneViewState":{"showFog":true,"showMaterialUpdate":false,"showSkybox":false,"showFlares":true,"showImageEffects":false,"showParticleSystems":true},"in2DMode":false,"pivot":{"x":5.960464477539063e-8,"y":0.4616279900074005,"z":-0.03324878215789795},"rotation":{"x":-0.0687478706240654,"y":0.7170037031173706,"z":-0.07144114375114441,"w":-0.6899880766868591},"size":1.294405221939087,"orthographic":false}