{"cameraMode":{"drawMode":0,"name":"Shaded","section":"Shading Mode"},"sceneLighting":true,"audioPlay":false,"sceneViewState":{"showFog":true,"showMaterialUpdate":false,"showSkybox":true,"showFlares":true,"showImageEffects":false,"showParticleSystems":true},"in2DMode":false,"pivot":{"x":1.3378925323486329,"y":0.4616279900074005,"z":2.721712589263916},"rotation":{"x":-0.24342122673988343,"y":0.15831102430820466,"z":-0.04030853882431984,"w":-0.9560689926147461},"size":2.129866361618042,"orthographic":false}